source,target
BRR,CFNRV
BRR,FASWV
BRR,PG
BRR,CFNRV
BRR,FASWV
BRR,PG
BL,BL
BFM,CFM
BFM,PFI
BFM,VCE
BFM,VTFNP
BIFP,CFNRV
BIFP,FASWV
BIFP,MCCS
BIFP,NRCAM
BIFP,NRCAP
BIFP,GT
BIFP,MBP
BIFP,VCE
BBRP,CFNRV
BBRP,MBP
BBP,FASWV
CC,GYAP
CC,NRCAHS
CC,PFM
CL,CL
CFM,FARM
CFM,VCE
CFM,VTFNP
CFNRV,GG
CFNRV,GCM
CFNRV,IAJ
CFNRV,MCCS
CFNRV,NRCAG
CFNRV,NRCAHS
CFNRV,NRCAM
CFNRV,NRCC
CFNRV,NRFS
CFNRV,FARM
CFNRV,NRVCSF
CFNRV,NRVCSG
CFNRV,NRVCSM
CFNRV,NRVCSP
CFNRV,NRVCSR
CFNRV,NRVS
CFNRV,MBP
CFNRV,PLE
CFNRV,PFI
CFNRV,PG
CFNRV,RFDB
CFNRV,MBP
CFNRV,VICCC
CFNRV,VCE
CFNRV,VTK
CFNRV,WH
CFNRV,YMCA
DUMC,DUMC
EN,EN
EN,FASWV
EEBP,EEBP
ENTF,NRCAM
ENTF,NRCAP
FP,FP
FASWV,FASWV
FASWV,GB
FASWV,JC
FASWV,MCCS
FASWV,PLE
FASWV,PCOG
FASWV,RFDB
FASWV,SFP
FASWV,SR
FASWV,MBP
GG,GG
GG,GHF
GG,NRCAHS
GG,FARM
GG,PG
GG,VCE
GG,VTFNP
GG,YMCACG
GCM,HFC
GCM,NRCAG
GCM,NRCAM
GCM,NRCAP
GCM,MBP
GCM,UMCP
GYAP,NRVCSF
GYAP,NRVCSG
GYAP,NRVCSM
GYAP,NRVCSP
GYAP,NRVCSR
JC,NRCAHS
MCCS,NRCAHS
MCCS,NRCAM
MCCS,NRCAP
MCCS,NRFS
MCCS,NRVCSF
MCCS,NRVCSG
MCCS,NRVCSM
MCCS,NRVCSP
MCCS,NRVCSR
MCCS,SFP
MCCS,UW
MCCS,VCE
MCCS,WH
NRCAF,NRCAF
NRCAF,NRCAHS
NRCAF,UW
NRCAG,NRCAG
NRCAG,NRCAM
NRCAG,NRCAP
NRCAG,NRVCSF
NRCAG,NRVCSG
NRCAG,NRVCSM
NRCAG,NRVCSP
NRCAG,NRVCSR
NRCAG,UW
NRCAHS,NRCAM
NRCAHS,NRCAP
NRCAHS,MBP
NRCAHS,WH
NRCAM,NRCAM
NRCAM,NRCAP
NRCAP,UW
NRFS,UW
FARM,PFI
FARM,PG
FARM,MBP
FARM,VCE
FARM,YMCACG
NRVA,PLE
NRVA,VTK
PFM,PFM
PFM,VCE
PLE,GT
PLE,VCE
PFI,VCE
PG,VCE
RFDB,UW
RFDB,VTK
SFP,SFP
GT,GT
GT,WH
MBP,MBP
MBP,VICCC
MBP,VCE
MBP,VTK
MBP,WH
UW,UW
UW,WH
VCE,VCE
VCE,VTK
VCE,YMCACG
VTFNP,YMCACG
VTK,VTK
YMCA,YMCACG
