NAME,PARTY,STATE_NAME,LonX,LatY,icpsr,district_code,state_abbrev,born
Marry Sattler Peltola,Democrat,Alaska,-152.56,64.23,22168,1,AK,1973
Jerry Carl,Republican,Alabama,-87.765,31.097,22108,1,AL,1958
Barry Moore,Republican,Alabama,-86.071,31.708,22140,2,AL,1966
Mike Rogers,Republican,Alabama,-85.707,33.156,20301,3,AL,1958
Robert B. Aderholt,Republican,Alabama,-87.2,34.12,29701,4,AL,1965
Mo Brooks,Republican,Alabama,-86.712,34.754,21193,5,AL,1954
Gary J. Palmer,Republican,Alabama,-86.713,33.263,21500,6,AL,1954
Terri A. Sewell,Democrat,Alabama,-87.625,32.444,21102,7,AL,1965
Eric A. “Rick” Crawford,Republican,Arkansas,-91.246,35.302,21106,1,AR,1966
J. French Hill,Republican,Arkansas,-92.391,35.091,21503,2,AR,1956
Steve Womack,Republican,Arkansas,-93.599,36.006,21108,3,AR,1957
Bruce Westerman,Republican,Arkansas,-93.213,34.226,21563,4,AR,1967
Tom O'Halleran,Democrat,Arizona,-110.735,34.985,21739,1,AZ,1946
Ann Kirkpatrick,Democrat,Arizona,-109.957,31.927,20902,2,AZ,1950
Raúl M. Grijalva,Democrat,Arizona,-112.444,32.366,20305,3,AZ,1948
Paul A. Gosar,Republican,Arizona,-113.222,34.609,21103,4,AZ,1958
Andy Biggs,Republican,Arizona,-111.715,33.338,21705,5,AZ,1958
David Schweikert,Republican,Arizona,-111.89,33.667,21105,6,AZ,1962
Ruben Gallego,Democrat,Arizona,-112.119,33.429,21502,7,AZ,1979
Debbie Lesko,Republican,Arizona,-112.3,33.693,21757,8,AZ,1958
Greg Stanton,Democrat,Arizona,-111.949,33.406,21968,9,AZ,1970
Doug LaMalfa,Republican,California,-121.509,40.747,21302,1,CA,1960
Jared Huffman,Democrat,California,-123.434,40.144,21303,2,CA,1964
John Garamendi,Democrat,California,-122.095,39.037,20958,3,CA,1945
Tom McClintock,Republican,California,-119.937,37.988,20903,4,CA,1956
Mike Thompson,Democrat,California,-122.468,38.535,29901,5,CA,1951
Doris O. Matsui,Democrat,California,-121.479,38.595,20538,6,CA,1944
Ami Bera,Democrat,California,-121.219,38.482,21304,7,CA,1965
Jay Obernolte,Republican,California,-116.812,35.675,22145,8,CA,1970
Jerry McNerney,Democrat,California,-121.303,38.01,20702,9,CA,1951
Josh Harder,Democrat,California,-121.061,37.581,21930,10,CA,1986
Mark DeSaulnier,Democrat,California,-121.985,37.899,21504,11,CA,1952
Nancy Pelosi,Democrat,California,-122.435,37.763,15448,12,CA,1940
Barbara Lee,Democrat,California,-122.221,37.788,29778,13,CA,1946
Jackie Speier,Democrat,California,-122.376,37.524,20762,14,CA,1950
Eric Swalwell,Democrat,California,-121.824,37.644,21306,15,CA,1980
Jim Costa,Democrat,California,-120.531,37.112,20501,16,CA,1952
Ro Khanna,Democrat,California,-121.961,37.438,21728,17,CA,1976
Anna G. Eshoo,Democrat,California,-122.123,37.217,29312,18,CA,1942
Zoe Lofgren,Democrat,California,-121.586,37.207,29504,19,CA,1947
Jimmy Panetta,Democrat,California,-121.216,36.36,21740,20,CA,1969
David Valadao,Republican,California,-119.851,36.082,21307,21,CA,1977
Connie Conway,Republican,California,-119.389,36.487,22164,22,CA,1950
Kevin McCarthy,Republican,California,-118.537,35.615,20703,23,CA,1965
Salud O. Carbajal,Democrat,California,-120.095,35.013,21709,24,CA,1964
Mike Garcia,Republican,California,-118.284,34.587,21988,25,CA,1976
Julia Brownley,Democrat,California,-119.059,34.301,21308,26,CA,1952
Judy Chu,Democrat,California,-117.94,34.279,20955,27,CA,1953
Adam B. Schiff,Democrat,California,-118.291,34.25,20104,28,CA,1960
Tony Cárdenas,Democrat,California,-118.431,34.266,21309,29,CA,1963
Brad Sherman,Democrat,California,-118.545,34.203,29707,30,CA,1954
Pete Aguilar,Democrat,California,-117.354,34.11,21506,31,CA,1979
Grace F. Napolitano,Democrat,California,-117.915,34.09,29903,32,CA,1936
Ted Lieu,Democrat,California,-118.597,34.031,21507,33,CA,1969
Jimmy Gomez,Democrat,California,-118.228,34.075,21754,34,CA,1974
Norma J. Torres,Democrat,California,-117.588,34.047,21508,35,CA,1965
Raul Ruiz,Democrat,California,-115.72,33.747,21311,36,CA,1972
Karen Bass,Democrat,California,-118.364,34.017,21110,37,CA,1953
Linda T. Sánchez,Democrat,California,-118.062,33.941,20310,38,CA,1969
Young Kim,Republican,California,-117.84,33.938,22129,39,CA,1962
Lucille Roybal-Allard,Democrat,California,-118.178,33.969,29317,40,CA,1941
Mark Takano,Democrat,California,-117.308,33.917,21312,41,CA,1960
Ken Calvert,Republican,California,-117.226,33.679,29323,42,CA,1953
Maxine Waters,Democrat,California,-118.335,33.904,29106,43,CA,1938
Nanette Diaz Barragan,Democrat,California,-118.238,33.856,21703,44,CA,1976
Katie Porter,Democrat,California,-117.671,33.706,21954,45,CA,1974
J. Luis Correa,Democrat,California,-117.896,33.791,21711,46,CA,1958
Alan S. Lowenthal,Democrat,California,-118.313,33.421,21313,47,CA,1941
Michelle Steel,Republican,California,-117.887,33.643,22152,48,CA,1955
Mike Levin,Democrat,California,-117.389,33.317,21939,49,CA,1978
Darrell Issa,Republican,California,-116.618,33.115,20107,50,CA,1953
Juan Vargas,Democrat,California,-115.516,32.995,21314,51,CA,1961
Scott H. Peters,Democrat,California,-117.117,32.903,21315,52,CA,1958
Sara Jacobs,Democrat,California,-117.032,32.719,22126,53,CA,1989
Diana DeGette,Democrat,Colorado,-104.908,39.732,29710,1,CO,1957
Joe Neguse,Democrat,Colorado,-105.73,40.145,21948,2,CO,1984
Lauren Boebert,Republican,Colorado,-107.238,38.78,22103,3,CO,1986
Ken Buck,Republican,Colorado,-103.375,39.062,21510,4,CO,1959
Doug Lamborn,Republican,Colorado,-105.338,38.822,20704,5,CO,1954
Jason A. Crow,Democrat,Colorado,-104.74,39.775,21912,6,CO,1979
Ed Perlmutter,Democrat,Colorado,-105.041,39.827,20705,7,CO,1953
John B. Larson,Democrat,Connecticut,-72.801,41.811,29908,1,CT,1948
Joe Courtney,Democrat,Connecticut,-72.205,41.664,20706,2,CT,1953
Rosa L. DeLauro,Democrat,Connecticut,-72.878,41.385,29109,3,CT,1943
James A. Himes,Democrat,Connecticut,-73.375,41.22,20907,4,CT,1966
Jahana Hayes,Democrat,Connecticut,-73.219,41.691,21931,5,CT,1973
Eleanor Holmes Norton,Democrat,District of Columbia,-77.015,38.91,21993,0,DC,1937
Lisa Blunt Rochester,Democrat,Delaware,-75.507,38.992,21706,1,DE,1962
Matt Gaetz,Republican,Florida,-86.645,30.716,21719,1,FL,1982
Neil P. Dunn,Republican,Florida,-84.13,30.078,21714,2,FL,1953
Kat Cammack,Republican,Florida,-82.059,29.678,22107,3,FL,1988
John H. Rutherford,Republican,Florida,-81.655,30.357,21744,4,FL,1952
"Al Lawson, Jr.",Democrat,Florida,-83.327,30.449,21732,5,FL,1948
Mike Waltz,Republican,Florida,-81.301,29.179,21981,6,FL,1974
Stephanie N. Murphy,Democrat,Florida,-81.245,28.688,21738,7,FL,1978
Bill Posey,Republican,Florida,-80.743,28.129,20909,8,FL,1947
Darren Soto,Democrat,Florida,-81.285,28.035,21746,9,FL,1978
Val Butler Demings,Democrat,Florida,-81.511,28.544,21713,10,FL,1957
Daniel Webster,Republican,Florida,-82.167,28.791,21116,11,FL,1949
Gus M. Bilirakis,Republican,Florida,-82.431,28.281,20758,12,FL,1963
,Vacant,Florida,-82.722,27.85,21712,13,FL,1956
Kathy Castor,Democrat,Florida,-82.478,28.041,20708,14,FL,1966
Scott Franklin,Republican,Florida,-81.977,28.199,22116,15,FL,1964
Vern Buchanan,Republican,Florida,-82.301,27.527,20709,16,FL,1951
W. Gregory Steube,Republican,Florida,-81.528,27.244,21971,17,FL,1978
Brian J. Mast,Republican,Florida,-80.415,27.127,21735,18,FL,1980
Byron Donalds,Republican,Florida,-81.83,26.464,22111,19,FL,1978
Sheila Cherfilus-McCormick,Democrat,Florida,-80.58,26.448,29337,20,FL,1936
Lois Frankel,Democrat,Florida,-80.167,26.546,21321,21,FL,1948
,Vacant,Florida,-80.166,26.277,20959,22,FL,1966
Debbie Wasserman Schultz,Democrat,Florida,-80.289,26.064,20504,23,FL,1966
Frederica S. Wilson,Democrat,Florida,-80.216,25.911,21118,24,FL,1942
Mario Diaz-Balart,Republican,Florida,-81.157,26.226,20316,25,FL,1961
Carlos Gimenez,Republican,Florida,-80.817,25.452,22118,26,FL,1954
Maria Elvira Salazar,Republican,Florida,-80.286,25.699,22150,27,FL,1961
Earl L. “Buddy” Carter,Republican,Georgia,-81.991,31.308,21513,1,GA,1957
Sanford D. Bishop Jr.,Democrat,Georgia,-84.411,31.821,29339,2,GA,1947
A. Drew Ferguson IV,Republican,Georgia,-84.733,33.148,21717,3,GA,1966
Henry C. “Hank” Johnson Jr.,Democrat,Georgia,-84.05,33.697,20712,4,GA,1954
Nikema Williams,Democrat,Georgia,-84.401,33.707,22156,5,GA,1978
Lucy McBath,Democrat,Georgia,-84.345,34.01,21944,6,GA,1960
Carolyn Bourdeaux,Democrat,Georgia,-84.083,34.042,22104,7,GA,1970
Austin Scott,Republican,Georgia,-83.453,31.78,21123,8,GA,1969
Andrew Clyde,Republican,Georgia,-83.687,34.506,22110,9,GA,1963
Jody B. Hice,Republican,Georgia,-83.062,33.427,21514,10,GA,1960
Barry Loudermilk,Republican,Georgia,-84.651,34.191,21515,11,GA,1963
Rick W. Allen,Republican,Georgia,-82.221,32.411,21516,12,GA,1951
David Scott,Democrat,Georgia,-84.564,33.626,20321,13,GA,1945
Marjorie Taylor Greene,Republican,Georgia,-85.095,34.433,22121,14,GA,1974
Ed Case,Democrat,Hawaii,-157.907,21.368,20322,1,HI,1952
Kai Kahele,Democrat,Hawaii,-156.291,20.208,22128,2,HI,1974
Ashley Hinson,Republican,Iowa,-91.892,42.525,22124,1,IA,1983
Mariannette Miller-Meeks,Republican,Iowa,-92.149,41.208,22139,2,IA,1955
Cindy Axne,Democrat,Iowa,-94.637,41.204,21902,3,IA,1965
Randy Feenstra,Republican,Iowa,-94.641,42.626,22113,4,IA,1969
Russ Fulcher,Republican,Idaho,-116.033,45.363,21920,1,ID,1962
Michael K. Simpson,Republican,Idaho,-113.362,43.469,29910,2,ID,1950
Bobby L. Rush,Democrat,Illinois,-87.834,41.544,29346,1,IL,1946
Robin L. Kelly,Democrat,Illinois,-87.796,41.258,21371,2,IL,1956
DMarie Newman,Democrat,Illinois,-87.896,41.678,22144,3,IL,1964
Jesús G. Garcia,Democrat,Illinois,-87.765,41.872,21921,4,IL,1956
Mike Quigley,Democrat,Illinois,-87.835,41.932,20954,5,IL,1958
Sean Casten,Democrat,Illinois,-88.179,42.028,21906,6,IL,1971
Danny K. Davis,Democrat,Illinois,-87.737,41.864,29717,7,IL,1941
Raja Krishnamoorthi,Democrat,Illinois,-88.097,42.008,21730,8,IL,1973
Janice D. Schakowsky,Democrat,Illinois,-87.81,42.052,29911,9,IL,1944
Bradley Scott Schneider,Democrat,Illinois,-87.938,42.279,21326,10,IL,1961
Bill Foster,Democrat,Illinois,-88.146,41.644,20749,11,IL,1955
Mike Bost,Republican,Illinois,-89.432,37.99,21519,12,IL,1960
Rodney Davis,Republican,Illinois,-89.519,39.512,21328,13,IL,1970
Lauren Underwood,Democrat,Illinois,-88.432,42.028,21979,14,IL,1986
Mary Miller,Republican,Illinois,-88.436,38.911,22138,15,IL,1959
Adam Kinzinger,Republican,Illinois,-88.8,41.395,21128,16,IL,1978
Cheri Bustos,Democrat,Illinois,-90.21,41.39,21329,17,IL,1961
Darin LaHood,Republican,Illinois,-90.076,40.23,21562,18,IL,1968
Frank J. Mrvan,Democrat,Indiana,-87.158,41.458,22142,1,IN,1969
,Vacant,Indiana,-86.233,41.244,22171,2,IN,1984
Jim Banks,Republican,Indiana,-85.231,41.102,21702,3,IN,1979
James R. Baird,Republican,Indiana,-86.862,40.384,21903,4,IN,1945
Victoria Spartz,Republican,Indiana,-85.861,40.254,22151,5,IN,1978
Greg Pence,Republican,Indiana,-85.363,39.481,21952,6,IN,1956
André Carson,Democrat,Indiana,-86.139,39.747,20757,7,IN,1974
Larry Bucshon,Republican,Indiana,-87.198,38.739,21132,8,IN,1962
Trey Hollingsworth,Republican,Indiana,-86.207,38.787,21725,9,IN,1983
Tracy Mann,Republican,Kansas,-99.403,38.73,22134,1,KS,1976
Jake LaTurner,Republican,Kansas,-95.435,38.488,22130,2,KS,1988
Sharice Davids,Democrat,Kansas,-94.793,38.892,21914,3,KS,1980
Ron Estes,Republican,Kansas,-97.74,37.544,21750,4,KS,1956
James Comer,Republican,Kentucky,-87.185,37.082,21565,1,KY,1972
Brett Guthrie,Republican,Kentucky,-85.989,37.536,20916,2,KY,1964
John A. Yarmuth,Democrat,Kentucky,-85.694,38.188,20723,3,KY,1947
Thomas Massie,Republican,Kentucky,-84.427,38.571,31102,4,KY,1971
Harold Rogers,Republican,Kentucky,-83.522,37.369,14854,5,KY,1937
Andy Barr,Republican,Kentucky,-84.163,38.048,21333,6,KY,1973
Steve Scalise,Republican,Louisiana,-90.113,29.736,20759,1,LA,1965
Troy A. Carter,Democrat,Louisiana,-90.642,30.049,22158,2,LA,1963
Clay Higgins,Republican,Louisiana,-92.473,30.024,21724,3,LA,1961
Mike Johnson,Republican,Louisiana,-93.18,31.798,21727,4,LA,1972
Julia Letlow,Republican,Louisiana,-91.825,31.768,22157,5,LA,1981
Garret Graves,Republican,Louisiana,-91.055,30.311,21523,6,LA,1972
Richard E. Neal,Democrat,Massachusetts,-72.857,42.322,15616,1,MA,1949
James P. McGovern,Democrat,Massachusetts,-72.118,42.386,29729,2,MA,1959
Lori Trahan,Democrat,Massachusetts,-71.575,42.585,21977,3,MA,1973
Jake Auchincloss,Democrat,Massachusetts,-71.233,41.995,22100,4,MA,1988
Katherine M. Clark,Democrat,Massachusetts,-71.311,42.355,21375,5,MA,1963
Seth Moulton,Democrat,Massachusetts,-70.98,42.636,21525,6,MA,1978
Ayanna Pressley,Democrat,Massachusetts,-71.081,42.302,21955,7,MA,1974
Stephen F. Lynch,Democrat,Massachusetts,-71.023,42.146,20119,8,MA,1955
William R. Keating,Democrat,Massachusetts,-70.617,41.747,21140,9,MA,1952
Andy Harris,Republican,Maryland,-75.971,38.865,21139,1,MD,1957
C. A. Dutch Ruppersberger,Democrat,Maryland,-76.489,39.347,20329,2,MD,1946
John P. Sarbanes,Democrat,Maryland,-76.751,39.191,20724,3,MD,1962
Anthony G. Brown,Democrat,Maryland,-76.752,38.967,21707,4,MD,1961
Steny H. Hoyer,Democrat,Maryland,-76.768,38.559,14873,5,MD,1939
David Trone,Democrat,Maryland,-78.387,39.499,21978,6,MD,1955
Kweisi Mfume,Democrat,Maryland,-76.796,39.402,15433,7,MD,1948
Jamie Raskin,Democrat,Maryland,-77.251,39.433,21741,8,MD,1962
Chellie Pingree,Democrat,Maine,-70.119,43.877,20920,1,ME,1955
Jared F. Golden,Democrat,Maine,-69.128,45.556,21923,2,ME,1982
Jack Bergman,Republican,Michigan,-86.443,45.865,21704,1,MI,1947
Bill Huizenga,Republican,Michigan,-85.991,43.513,21142,2,MI,1969
Peter Meijer,Republican,Michigan,-85.244,42.717,22137,3,MI,1988
John R. Moolenaar,Republican,Michigan,-84.751,43.735,21526,4,MI,1961
Daniel T. Kildee,Democrat,Michigan,-83.778,43.686,21372,5,MI,1958
Fred Upton,Republican,Michigan,-85.9,42.187,15446,6,MI,1953
Tim Walberg,Republican,Michigan,-84.333,42.102,20725,7,MI,1951
Elissa Slotkin,Democrat,Michigan,-83.941,42.647,21965,8,MI,1976
Andy Levin,Democrat,Michigan,-83.053,42.532,21940,9,MI,1960
Lisa McClain,Republican,Michigan,-82.99,43.323,22136,10,MI,1966
Haley Stevens,Democrat,Michigan,-83.457,42.532,21972,11,MI,1983
Debbie Dingell,Democrat,Michigan,-83.463,42.215,21529,12,MI,1953
Rashida Tlaib,Democrat,Michigan,-83.252,42.325,21975,13,MI,1976
Brenda L. Lawrence,Democrat,Michigan,-83.203,42.48,21530,14,MI,1954
Brad Finstad,Democrat,Minnesota,-93.705,43.887,22167,1,MN,1976
Angie Craig,Democrat,Minnesota,-92.849,44.488,21910,2,MN,1972
Dean Phillips,Democrat,Minnesota,-93.53,44.996,21953,3,MN,1969
Betty McCollum,Democrat,Minnesota,-92.981,45.002,20122,4,MN,1954
Ilhan Omar,Democrat,Minnesota,-93.295,44.981,21950,5,MN,1982
Tom Emmer,Republican,Minnesota,-93.854,45.335,21531,6,MN,1961
Michelle Fischbach,Republican,Minnesota,-95.687,46.595,22114,7,MN,1965
Pete Stauber,Republican,Minnesota,-93.136,47.207,21969,8,MN,1966
Cori Bush,Democrat,Missouri,-90.295,38.728,22106,1,MO,1976
Ann Wagner,Republican,Missouri,-90.534,38.604,21337,2,MO,1962
Blaine Luetkemeyer,Republican,Missouri,-91.555,38.578,20926,3,MO,1952
Vicky Hartzler,Republican,Missouri,-93.31,38.284,21149,4,MO,1960
Emanuel Cleaver,Democrat,Missouri,-93.772,39.142,20517,5,MO,1944
Sam Graves,Republican,Missouri,-93.298,39.937,20124,6,MO,1963
Billy Long,Republican,Missouri,-93.698,36.989,21150,7,MO,1955
Jason Smith,Republican,Missouri,-90.93,37.19,21373,8,MO,1980
Trent Kelly,Republican,Mississippi,-89.006,34.196,21561,1,MS,1966
Bennie G. Thompson,Democrat,Mississippi,-90.346,33.2,29368,2,MS,1948
Michael Guest,Republican,Mississippi,-89.733,32.015,21927,3,MS,1970
Steven M. Palazzo,Republican,Mississippi,-89.094,31.057,21148,4,MS,1970
Matt Rosendale,Republican,Montana,-109.645,47.033,22148,1,MT,1960
G. K. Butterfield,Democrat,North Carolina,-77.491,36.009,20340,1,NC,1947
Deborah K. Ross,Democrat,North Carolina,-78.719,35.729,22149,2,NC,1963
Gregory F. Murphy,Republican,North Carolina,-76.891,35.378,21987,3,NC,1963
David E. Price,Democrat,North Carolina,-78.755,36.04,15438,4,NC,1940
Virginia Foxx,Republican,North Carolina,-81.441,35.906,20521,5,NC,1943
Kathy Manning,Democrat,North Carolina,-79.88,36.081,22135,6,NC,1956
David Rouzer,Republican,North Carolina,-78.349,34.661,21544,7,NC,1972
Richard Hudson,Republican,North Carolina,-79.54,35.293,21346,8,NC,1971
Dan Bishop,Republican,North Carolina,-79.698,34.902,21986,9,NC,1964
Patrick T. McHenry,Republican,North Carolina,-80.586,36.095,20522,10,NC,1975
Madison Cawthorn,Republican,North Carolina,-82.878,35.482,22109,11,NC,1995
Alma S. Adams,Democrat,North Carolina,-80.838,35.272,21545,12,NC,1946
Ted Budd,Republican,North Carolina,-79.794,35.911,21708,13,NC,1971
Kelly Armstrong,Republican,North Dakota,-100.469,47.446,21901,1,ND,1976
Mike Flood,Republican,Nebraska,-96.831,41.378,22166,1,NE,1975
Don Bacon,Republican,Nebraska,-96.16,41.229,21701,2,NE,1963
Adrian Smith,Republican,Nebraska,-100.232,41.549,20729,3,NE,1970
Chris Pappas,Democrat,New Hampshire,-71.223,43.476,21951,1,NH,1980
Ann M. Kuster,Democrat,New Hampshire,-71.719,43.769,21340,2,NH,1956
Donald Norcross,Democrat,New Jersey,-75.051,39.789,21536,1,NJ,1958
Jeff Van Drew,Democrat,New Jersey,-74.908,39.477,91980,2,NJ,1953
Andy Kim,Democrat,New Jersey,-74.563,39.919,21937,3,NJ,1982
Christopher H. Smith,Republican,New Jersey,-74.322,40.163,14863,4,NJ,1953
Josh S. Gottheimer,Democrat,New Jersey,-74.628,41.058,21723,5,NJ,1975
Frank Pallone Jr.,Democrat,New Jersey,-74.267,40.461,15454,6,NJ,1951
Tom Malinowski,Democrat,New Jersey,-74.789,40.628,21942,7,NJ,1965
Albio Sires,Democrat,New Jersey,-74.116,40.729,20542,8,NJ,1951
Bill Pascrell Jr.,Democrat,New Jersey,-74.078,40.862,29741,9,NJ,1937
Donald M. Payne Jr.,Democrat,New Jersey,-74.212,40.71,31103,10,NJ,1958
Mikie Sherrill,Democrat,New Jersey,-74.451,40.904,21964,11,NJ,1972
Bonnie Watson Coleman,Democrat,New Jersey,-74.571,40.373,21538,12,NJ,1945
Melanie A. Stansbury,Democrat,New Mexico,-106.055,34.769,22159,1,NM,1979
Yvette Herrell,Republican,New Mexico,-106.297,33.381,22123,2,NM,1964
Teresa Leger Fernandez,Democrat,New Mexico,-105.822,35.995,22131,3,NM,1959
Dina Titus,Democrat,Nevada,-115.152,36.138,20927,1,NV,1950
Mark E. Amodei,Republican,Nevada,-117.306,40.646,21196,2,NV,1958
Susie Lee,Democrat,Nevada,-115.114,35.731,21938,3,NV,1966
Steven Horsford,Democrat,Nevada,-116.001,38.091,21339,4,NV,1973
Lee M. Zeldin,Republican,New York,-72.688,40.913,21539,1,NY,1980
Andrew Garbarino,Republican,New York,-73.285,40.729,22117,2,NY,1984
Thomas R. Suozzi,Democrat,New York,-73.495,40.831,21747,3,NY,1962
Kathleen M. Rice,Democrat,New York,-73.616,40.672,21540,4,NY,1965
Gregory W. Meeks,Democrat,New York,-73.776,40.66,29776,5,NY,1953
Grace Meng,Democrat,New York,-73.824,40.735,21342,6,NY,1975
Nydia M. Velázquez,Democrat,New York,-73.947,40.687,29378,7,NY,1953
Hakeem S. Jeffries,Democrat,New York,-73.907,40.64,21343,8,NY,1970
Yvette D. Clarke,Democrat,New York,-73.948,40.642,20733,9,NY,1964
Jerrold Nadler,Democrat,New York,-73.992,40.694,29377,10,NY,1947
Nicole Malliotakis,Republican,New York,-74.136,40.584,22133,11,NY,1980
Carolyn B. Maloney,Democrat,New York,-73.951,40.749,29379,12,NY,1946
Adriano Espaillat,Democrat,New York,-73.928,40.839,21715,13,NY,1954
Alexandria Ocasio-Cortez,Democrat,New York,-73.856,40.804,21949,14,NY,1989
Ritchie Torres,Democrat,New York,-73.893,40.828,22154,15,NY,1988
Jamaal Bowman,Democrat,New York,-73.814,40.945,22105,16,NY,1976
Mondaire Jones,Democrat,New York,-73.911,41.159,22127,17,NY,1987
Sean Patrick Maloney,Democrat,New York,-74.08,41.411,21344,18,NY,1966
Patrick Ryan,Democrat,New York,-74.421,42.215,22169,19,NY,1982
Paul Tonko,Democrat,New York,-73.992,42.748,20934,20,NY,1949
Elise M. Stefanik,Republican,New York,-74.529,44.019,21541,21,NY,1984
Claudia Tenney,Republican,New York,-75.657,42.873,21749,22,NY,1961
Joseph Sempolinski,Republican,New York,-77.751,42.331,22170,23,NY,1983
John Katko,Republican,New York,-76.535,43.062,21542,24,NY,1962
Joseph D. Morelle,Democrat,New York,-77.682,43.161,21761,25,NY,1957
Brian Higgins,Democrat,New York,-78.835,42.959,20519,26,NY,1959
Chris Jacobs,Republican,New York,-78.222,42.892,21990,27,NY,1966
Steve Chabot,Republican,Ohio,-84.345,39.337,29550,1,OH,1953
Brad R. Wenstrup,Republican,Ohio,-83.566,39.02,21351,2,OH,1958
Joyce Beatty,Democrat,Ohio,-82.949,39.966,21352,3,OH,1950
Jim Jordan,Republican,Ohio,-83.476,40.716,20738,4,OH,1964
Robert E. Latta,Republican,Ohio,-84.042,41.155,20755,5,OH,1956
Bill Johnson,Republican,Ohio,-81.554,39.774,21162,6,OH,1954
Bob Gibbs,Republican,Ohio,-82.059,40.707,21165,7,OH,1954
Warren Davidson,Republican,Ohio,-84.416,39.904,21564,8,OH,1970
Marcy Kaptur,Democrat,Ohio,-82.779,41.511,15029,9,OH,1946
Michael R. Turner,Republican,Ohio,-83.957,39.701,20342,10,OH,1960
Shontel M. Brown,Democrat,Ohio,-81.589,41.37,22161,11,OH,1975
Troy Balderson,Republican,Ohio,-82.615,40.238,21759,12,OH,1962
Tim Ryan,Democrat,Ohio,-80.97,41.156,20343,13,OH,1973
David P. Joyce,Republican,Ohio,-81.006,41.553,21353,14,OH,1957
Mike Carey,Republican,Ohio,-82.753,39.577,22162,15,OH,1971
Anthony Gonzalez,Republican,Ohio,-81.738,40.973,21924,16,OH,1984
Kevin Hern,Republican,Oklahoma,-95.786,36.212,21760,1,OK,1961
Markwayne Mullin,Republican,Oklahoma,-95.452,35.155,21355,2,OK,1977
Frank D. Lucas,Republican,Oklahoma,-98.839,36.121,29393,3,OK,1960
Tom Cole,Republican,Oklahoma,-97.75,34.58,20344,4,OK,1949
Stephanie Bice,Republican,Oklahoma,-96.994,35.307,22102,5,OK,1973
Suzanne Bonamici,Democrat,Oregon,-123.293,45.688,21198,1,OR,1954
Cliff Bentz,Republican,Oregon,-119.552,43.86,22101,2,OR,1952
Earl Blumenauer,Democrat,Oregon,-122.199,45.389,29588,3,OR,1948
Peter A. DeFazio,Democrat,Oregon,-123.214,43.498,15410,4,OR,1947
Kurt Schrader,Democrat,Oregon,-123.117,45.016,20944,5,OR,1951
Brian Fitzpatrick,Republican,Pennsylvania,-75.115,40.333,21718,1,PA,1973
Brendan Boyle,Democrat,Pennsylvania,-75.06,40.048,21548,2,PA,1977
Dwight Evans,Democrat,Pennsylvania,-75.198,40.005,21566,3,PA,1954
Madeleine Dean,Democrat,Pennsylvania,-75.398,40.222,21915,4,PA,1959
Mary Gay Scanlon,Democrat,Pennsylvania,-75.379,39.922,21762,5,PA,1959
Chrissy Houlahan,Democrat,Pennsylvania,-75.777,40.024,21934,6,PA,1967
Susan Wild,Democrat,Pennsylvania,-75.418,40.728,21763,7,PA,1957
Matt Cartwright,Democrat,Pennsylvania,-75.406,41.37,21358,8,PA,1961
Dan Meuser,Republican,Pennsylvania,-76.172,40.771,21945,9,PA,1964
Scott Perry,Republican,Pennsylvania,-76.858,40.263,21356,10,PA,1962
Lloyd Smucker,Republican,Pennsylvania,-76.394,39.968,21745,11,PA,1964
Fred Keller,Republican,Pennsylvania,-77.045,41.349,21985,12,PA,1965
John Joyce,Republican,Pennsylvania,-78.259,40.104,21936,13,PA,1957
Guy Reschenthaler,Republican,Pennsylvania,-79.935,40.08,21956,14,PA,1983
Glenn Thompson,Republican,Pennsylvania,-78.91,41.204,20946,15,PA,1959
Mike Kelly,Republican,Pennsylvania,-80.128,41.496,21167,16,PA,1948
Conor Lamb,Democrat,Pennsylvania,-80.191,40.61,21756,17,PA,1984
Michael F. Doyle,Democrat,Pennsylvania,-79.903,40.371,29561,18,PA,1953
David N. Cicilline,Democrat,Rhode Island,-71.361,41.762,21172,1,RI,1961
James R. Langevin,Democrat,Rhode Island,-71.624,41.65,20136,2,RI,1964
Nancy Mace,Republican,South Carolina,-80.158,32.794,22132,1,SC,1977
Joe Wilson,Republican,South Carolina,-81.375,33.638,20138,2,SC,1947
Jeff Duncan,Republican,South Carolina,-82.339,34.356,21174,3,SC,1966
William R. Timmons IV,Republican,South Carolina,-82.172,34.941,21974,4,SC,1984
Ralph Norman,Republican,South Carolina,-81.02,34.539,21753,5,SC,1953
James E. Clyburn,Democrat,South Carolina,-80.525,33.226,39301,6,SC,1940
Tom Rice,Republican,South Carolina,-79.535,34.127,21359,7,SC,1957
Dusty Johnson,Republican,South Dakota,-100.23,44.436,21935,1,SD,1976
Diana Harshbarger,Republican,Tennessee,-82.795,36.215,22122,1,TN,1960
Tim Burchett,Republican,Tennessee,-83.826,36.047,21905,2,TN,1964
Charles J. “Chuck” Fleischmann,Republican,Tennessee,-84.504,35.766,21178,3,TN,1962
Scott DesJarlais,Republican,Tennessee,-85.96,35.45,21179,4,TN,1964
Jim Cooper,Democrat,Tennessee,-87.07,36.177,15019,5,TN,1954
John W. Rose,Republican,Tennessee,-85.781,36.2,21959,6,TN,1965
Mark E. Green,Republican,Tennessee,-87.832,35.637,21926,7,TN,1964
David Kustoff,Republican,Tennessee,-89.099,35.861,21731,8,TN,1966
Steve Cohen,Democrat,Tennessee,-89.979,35.168,20748,9,TN,1949
Louie Gohmert,Republican,Texas,-94.559,31.959,20527,1,TX,1953
Daniel Crenshaw,Republican,Texas,-95.338,29.965,21911,2,TX,1984
Van Taylor,Republican,Texas,-96.615,33.158,21973,3,TX,1972
Pat Fallon,Republican,Texas,-95.404,33.31,22112,4,TX,1967
Lance Gooden,Republican,Texas,-95.736,32.227,21925,5,TX,1982
Jake Ellzey,Republican,Texas,-96.675,32.231,22160,6,TX,1970
Lizzie Fletcher,Democrat,Texas,-95.606,29.793,21919,7,TX,1975
Kevin Brady,Republican,Texas,-95.547,30.821,29760,8,TX,1955
Al Green,Democrat,Texas,-95.496,29.645,20529,9,TX,1947
Michael T. McCaul,Republican,Texas,-96.596,29.971,20530,10,TX,1962
August Pfluger,Republican,Texas,-100.083,31.736,22147,11,TX,1977
Kay Granger,Republican,Texas,-97.669,32.817,29762,12,TX,1943
Ronny Jackson,Republican,Texas,-100.617,34.838,22125,13,TX,1967
Randy K. Weber Sr.,Republican,Texas,-94.916,29.461,21360,14,TX,1953
Vicente Gonzalez,Democrat,Texas,-98.261,27.756,21722,15,TX,1967
Veronica Escobar,Democrat,Texas,-106.282,31.858,21917,16,TX,1969
Pete Sessions,Republican,Texas,-96.656,31.163,29759,17,TX,1955
Sheila Jackson Lee,Democrat,Texas,-95.377,29.889,29573,18,TX,1950
Jodey C. Arrington,Republican,Texas,-101.217,33.245,21700,19,TX,1972
Joaquin Castro,Democrat,Texas,-98.622,29.475,21362,20,TX,1974
Chip Roy,Republican,Texas,-98.96,30.018,21961,21,TX,1972
Troy Nehls,Republican,Texas,-95.683,29.518,22143,22,TX,1968
Tony Gonzales,Republican,Texas,-102.363,30.379,22119,23,TX,1980
Beth Van Duyne,Republican,Texas,-97.011,32.92,22155,24,TX,1970
Roger Williams,Republican,Texas,-97.814,31.505,21364,25,TX,1949
Michael C. Burgess,Republican,Texas,-97.132,33.195,20355,26,TX,1950
Michael Cloud,Republican,Texas,-96.877,28.873,21758,27,TX,1975
Henry Cuellar,Democrat,Texas,-98.909,27.857,20533,28,TX,1955
Sylvia R. Garcia,Democrat,Texas,-95.266,29.783,21922,29,TX,1950
Eddie Bernice Johnson,Democrat,Texas,-96.801,32.657,39305,30,TX,1935
John R. Carter,Republican,Texas,-97.539,30.837,20356,31,TX,1941
Colin Z. Allred,Democrat,Texas,-96.652,32.921,21900,32,TX,1983
Marc A. Veasey,Democrat,Texas,-97.094,32.754,21365,33,TX,1971
Mayra Flores,Republican,Texas,-97.665,27.692,22165,34,TX,1986
Lloyd Doggett,Democrat,Texas,-97.886,29.918,29571,35,TX,1946
Brian Babin,Republican,Texas,-94.414,30.46,21551,36,TX,1948
Blake Moore,Republican,Utah,-111.329,40.945,22141,1,UT,1980
Chris Stewart,Republican,Utah,-112.562,38.758,21367,2,UT,1960
John R. Curtis,Republican,Utah,-110.228,38.68,21755,3,UT,1960
Burgess Owens,Republican,Utah,-111.85,39.88,22146,4,UT,1951
Robert J. Wittman,Republican,Virginia,-77.064,37.922,20756,1,VA,1959
Elaine Luria,Democrat,Virginia,-75.945,37.355,21941,2,VA,1975
Robert C. “Bobby” Scott,Democrat,Virginia,-76.59,36.899,39307,3,VA,1947
A. Donald McEachin,Democrat,Virginia,-77.162,36.958,21736,4,VA,1961
Bob Good,Republican,Virginia,-78.742,37.347,22120,5,VA,1965
Ben Cline,Republican,Virginia,-79.191,38.135,21908,6,VA,1972
Abigail Davis Spanberger,Democrat,Virginia,-77.901,37.826,21966,7,VA,1979
"Donald S. Beyer, Jr.",Democrat,Virginia,-77.137,38.79,21554,8,VA,1950
H. Morgan Griffith,Republican,Virginia,-81.319,36.992,21191,9,VA,1958
Jennifer Wexton,Democrat,Virginia,-77.837,39.084,21983,10,VA,1968
Gerald E. Connolly,Democrat,Virginia,-77.296,38.794,20952,11,VA,1950
Peter Welch,Democrat,Vermont,-72.663,44.075,20750,1,VT,1947
Suzan K. DelBene,Democrat,Washington,-121.632,48.348,31101,1,WA,1962
Rick Larsen,Democrat,Washington,-122.491,48.354,20145,2,WA,1965
Jaime Herrera Beutler,Republican,Washington,-122.189,46.226,21187,3,WA,1978
Dan Newhouse,Republican,Washington,-119.705,47.299,21556,4,WA,1955
Cathy McMorris Rodgers,Republican,Washington,-117.879,47.59,20535,5,WA,1969
Derek Kilmer,Democrat,Washington,-123.607,47.592,21368,6,WA,1974
Pramila Jayapal,Democrat,Washington,-122.376,47.589,21726,7,WA,1965
Kim Schrier,Democrat,Washington,-121.003,47.423,21962,8,WA,1968
Adam Smith,Democrat,Washington,-122.244,47.463,29768,9,WA,1965
Marilyn Strickland,Democrat,Washington,-122.752,47.031,22153,10,WA,1962
Bryan Steil,Republican,Wisconsin,-88.372,42.712,21970,1,WI,1981
Mark Pocan,Democrat,Wisconsin,-89.748,42.983,21370,2,WI,1964
Ron Kind,Democrat,Wisconsin,-90.916,44.068,29769,3,WI,1963
Gwen Moore,Democrat,Wisconsin,-87.952,43.064,20537,4,WI,1951
Scott Fitzgerald,Republican,Wisconsin,-88.534,43.199,22115,5,WI,1963
Glenn Grothman,Republican,Wisconsin,-88.704,43.797,21559,6,WI,1955
Thomas P. Tiffany,Republican,Wisconsin,-90.656,45.59,21989,7,WI,1957
Mike Gallagher,Republican,Wisconsin,-88.287,44.811,21720,8,WI,1984
David B. McKinley,Republican,West Virginia,-80.267,39.38,21188,1,WV,1947
Alexander X. Mooney,Republican,West Virginia,-80.185,38.839,21557,2,WV,1971
Carol Miller,Republican,West Virginia,-81.198,37.994,21946,3,WV,1950
Liz Cheney,Republican,Wyoming,-107.551,43,21710,1,WY,1966
